<?xml version="1.0"?>
<doc>
    <assembly>
        <name>Where2Play</name>
    </assembly>
    <members>
        <member name="M:Where2Play.Controllers.ValuesController.Get">
            <summary>
            Get all pre-seeded demo concert events
            </summary>
            <returns>A list of all demo events across multiple cities (Cincinnati, Nashville, Cleveland, Columbus, Chicago)</returns>
            <response code="200">Returns the complete list of demo events</response>
        </member>
        <member name="M:Where2Play.Controllers.ValuesController.Get(System.Int32)">
            <summary>
            Get a specific event by ID
            </summary>
            <param name="id">The unique identifier (hash code) of the event</param>
            <returns>The event matching the specified ID</returns>
            <response code="200">Returns the requested event</response>
            <response code="404">If no event with the specified ID is found</response>
        </member>
        <member name="M:Where2Play.Controllers.ValuesController.Search(System.String)">
            <summary>
            Search for concert events in a specific city
            </summary>
            <param name="city">The name of the city to search for events (e.g., Cincinnati, Nashville, Cleveland, Columbus, Chicago)</param>
            <returns>A list of concert events in the specified city, including both demo data and live data from Setlist.fm API</returns>
            <remarks>
            This endpoint combines pre-seeded demo events with live concert data from Setlist.fm.
            Artist details (genre, country, popularity) are enriched using MusicBrainz API with intelligent caching.
            
            Sample request:
            
                GET /api/Values/search?city=Nashville
                
            Available demo cities: Cincinnati, Nashville, Cleveland, Columbus, Chicago
            </remarks>
            <response code="200">Returns the list of events found in the city</response>
            <response code="400">If the city parameter is missing or empty</response>
        </member>
        <member name="M:Where2Play.Controllers.ValuesController.SearchByArtist(System.String)">
            <summary>
            Search for concert events by artist name from MusicBrainz
            </summary>
            <param name="artist">The name of the artist or band to search for (e.g., Metallica, Taylor Swift, The Killers)</param>
            <returns>A list of concert events for the specified artist from Setlist.fm, enriched with MusicBrainz data</returns>
            <remarks>
            This endpoint searches MusicBrainz for the artist and then finds all concert setlists for that artist on Setlist.fm.
            Results include venue, city, date, and artist details (genres, popularity, country).
            
            Sample request:
            
                GET /api/Values/artist?artist=Metallica
            </remarks>
            <response code="200">Returns the list of events found for the artist</response>
            <response code="400">If the artist parameter is missing or empty</response>
        </member>
        <member name="T:Where2Play.Models.EventSummary">
            <summary>
            Combines artist and concert information from MusicBrainz and Setlist.fm.
            </summary>
        </member>
    </members>
</doc>
